Context,File Name
9,32310.wav
9,69066.wav
9,10922.wav
9,91003.wav
9,7637.wav
9,74475.wav
9,34752.wav
9,43487.wav
9,89299.wav
9,89287.wav
9,37331.wav
9,89334.wav
9,45813.wav
9,7157.wav
9,65291.wav
9,70198.wav
9,50693.wav
9,80539.wav
9,44798.wav
9,65500.wav
9,23519.wav
9,48602.wav
9,4136.wav
9,65365.wav
9,65497.wav
9,36210.wav
9,87210.wav
9,49616.wav
9,89332.wav
9,90920.wav
9,29188.wav
9,77025.wav
9,88044.wav
9,79762.wav
9,75345.wav
9,35659.wav
9,52007.wav
9,11598.wav
9,64198.wav
9,76606.wav
9,88064.wav
9,10483.wav
9,65013.wav
9,63481.wav
9,30863.wav
9,91001.wav
9,78076.wav
9,73464.wav
9,78177.wav
9,31496.wav
9,32788.wav
9,11490.wav
9,78060.wav
9,40128.wav
9,85504.wav
9,54653.wav
9,85263.wav
9,12087.wav
9,30661.wav
9,3979.wav
9,65492.wav
9,65027.wav
9,79354.wav
9,46206.wav
9,11630.wav
9,35983.wav
9,8213.wav
9,78085.wav
9,74747.wav
9,40112.wav
9,81289.wav
9,90437.wav
9,71020.wav
9,8182.wav
9,7924.wav
9,59540.wav
9,5630.wav
9,11729.wav
9,5646.wav
9,32660.wav
9,7134.wav
9,65523.wav
9,33911.wav
9,41811.wav
9,80389.wav
9,11608.wav
9,8332.wav
9,85299.wav
9,11498.wav
9,69083.wav
9,24410.wav
9,51655.wav
9,23011.wav
9,28552.wav
9,7565.wav
9,34477.wav
9,34281.wav
9,27377.wav
9,30881.wav
9,3879.wav
9,6859.wav
9,49806.wav
9,11600.wav
9,77190.wav
9,64197.wav
9,27061.wav
9,34051.wav
9,20663.wav
9,84899.wav
9,32234.wav
9,91059.wav
9,78276.wav
9,84691.wav
9,78078.wav
9,89319.wav
9,10655.wav
9,22782.wav
9,37335.wav
9,85275.wav
9,7132.wav
9,81929.wav
9,85284.wav
9,10890.wav
9,57759.wav
9,85077.wav
9,65289.wav
9,40407.wav
9,81227.wav
9,78125.wav
9,4453.wav
9,46128.wav
9,5846.wav
9,57933.wav
9,21179.wav
9,5346.wav
9,11293.wav
9,81313.wav
9,90778.wav
9,32548.wav
9,66238.wav
9,6878.wav
9,70181.wav
9,88022.wav
9,85119.wav
9,40408.wav
9,7108.wav
9,57924.wav
9,67884.wav
9,40798.wav
9,90456.wav
9,7129.wav
9,90699.wav
9,76287.wav
9,88050.wav
9,85276.wav
9,71472.wav
9,7847.wav
9,71895.wav
9,30652.wav
9,36157.wav
9,8176.wav
9,77638.wav
9,11664.wav
9,48438.wav
9,71603.wav
9,30660.wav
9,52009.wav
9,76337.wav
9,37333.wav
9,85272.wav
9,27628.wav
9,90931.wav
9,7397.wav
9,87409.wav
9,31074.wav
9,84507.wav
9,7878.wav
9,35965.wav
9,23248.wav
9,4440.wav
9,53752.wav
9,78090.wav
9,23020.wav
9,4067.wav
9,32739.wav
9,89339.wav
9,74726.wav
9,7813.wav
9,88011.wav
9,40121.wav
9,11494.wav
9,62532.wav
9,46205.wav
9,8752.wav
9,41812.wav
9,89406.wav
9,81276.wav
9,87958.wav
9,23012.wav
9,74714.wav
9,89866.wav
9,84704.wav
9,85295.wav
9,91038.wav
9,90924.wav
9,88040.wav
9,24411.wav
9,45811.wav
9,89288.wav
9,11491.wav
9,21062.wav
9,72096.wav
9,88027.wav
9,72590.wav
9,87195.wav
9,7077.wav
9,90195.wav
9,77662.wav
9,50755.wav
9,4866.wav
9,89354.wav
9,85311.wav
9,78055.wav
9,5046.wav
9,11605.wav
9,60634.wav
9,46078.wav
9,53684.wav
9,85144.wav
9,87959.wav
9,44775.wav
9,8207.wav
9,46069.wav
9,23247.wav
9,19953.wav
9,71670.wav
9,6755.wav
9,11500.wav
9,81290.wav
9,84859.wav
9,65188.wav
9,10666.wav
9,90559.wav
9,39253.wav
9,9085.wav
9,30914.wav
9,7557.wav
9,4127.wav
9,85261.wav
9,85294.wav
9,73266.wav
9,85502.wav
9,81310.wav
9,50689.wav
9,41817.wav
9,80980.wav
9,89327.wav
9,80050.wav
9,77708.wav
9,53311.wav
9,65122.wav
9,27636.wav
9,75925.wav
9,71720.wav
9,23019.wav
9,88016.wav
9,66523.wav
9,30710.wav
9,81332.wav
9,7159.wav
9,37363.wav
9,5214.wav
9,36198.wav
9,89609.wav
9,5642.wav
9,42898.wav
9,8204.wav
9,34897.wav
9,80407.wav
9,34256.wav
9,32233.wav
9,23246.wav
9,90800.wav
9,81661.wav
9,76285.wav
9,10108.wav
9,89291.wav
9,81030.wav
9,62194.wav
9,3736.wav
9,90798.wav
9,65009.wav
9,65011.wav
9,48857.wav
9,85174.wav
9,5052.wav
9,65123.wav
9,29722.wav
9,86387.wav
9,35966.wav
11,1426.wav
11,18038.wav
11,45392.wav
11,76682.wav
11,63825.wav
11,3138.wav
11,8705.wav
11,3302.wav
11,10095.wav
11,74067.wav
11,64099.wav
11,16269.wav
11,19443.wav
11,13030.wav
11,87458.wav
11,86931.wav
11,34734.wav
11,34797.wav
11,18956.wav
11,30197.wav
11,36683.wav
11,20504.wav
11,34578.wav
11,88425.wav
11,76566.wav
11,79191.wav
11,35426.wav
11,68361.wav
11,30239.wav
11,10458.wav
11,14267.wav
11,7537.wav
11,19122.wav
11,61775.wav
11,83128.wav
11,31961.wav
11,15026.wav
11,10906.wav
11,40431.wav
11,11713.wav
11,26031.wav
11,70908.wav
11,57086.wav
11,46247.wav
11,19853.wav
11,87285.wav
11,48065.wav
11,16043.wav
11,16704.wav
11,71623.wav
11,68370.wav
11,54070.wav
11,90461.wav
11,68973.wav
11,49556.wav
11,47397.wav
11,692.wav
11,6286.wav
11,65564.wav
11,23098.wav
11,16473.wav
11,64620.wav
11,33643.wav
11,34627.wav
11,16752.wav
11,81039.wav
11,8016.wav
11,57851.wav
11,6105.wav
11,16490.wav
11,46391.wav
11,59422.wav
11,25781.wav
11,42471.wav
11,70894.wav
11,67327.wav
11,68245.wav
11,24353.wav
11,5963.wav
11,89793.wav
11,62782.wav
11,90465.wav
11,56162.wav
11,70485.wav
11,15161.wav
11,23348.wav
11,6913.wav
11,17860.wav
11,13677.wav
11,48449.wav
11,75950.wav
11,52356.wav
11,45398.wav
11,47376.wav
11,79675.wav
11,26164.wav
11,35500.wav
11,78762.wav
11,39777.wav
11,1612.wav
11,15675.wav
11,35181.wav
11,19236.wav
11,35762.wav
11,5127.wav
11,8578.wav
11,77951.wav
11,33444.wav
11,55220.wav
11,22369.wav
11,5945.wav
11,54715.wav
11,20373.wav
11,35255.wav
11,27049.wav
11,15706.wav
11,11770.wav
11,18171.wav
11,34416.wav
11,87911.wav
11,30230.wav
11,14956.wav
11,84947.wav
11,19396.wav
11,35293.wav
11,24069.wav
11,88630.wav
11,67397.wav
11,17516.wav
11,79627.wav
11,59535.wav
11,27631.wav
11,6311.wav
11,40579.wav
11,14449.wav
11,29011.wav
11,37222.wav
11,36392.wav
11,34878.wav
11,41977.wav
11,25393.wav
11,34887.wav
11,11437.wav
11,33264.wav
11,14458.wav
11,16225.wav
11,29606.wav
11,30255.wav
11,77281.wav
11,75680.wav
11,63368.wav
11,22866.wav
11,67844.wav
11,64982.wav
11,68198.wav
11,33808.wav
11,607.wav
11,22272.wav
11,58245.wav
11,32468.wav
11,56505.wav
11,17836.wav
11,62476.wav
11,17340.wav
11,29462.wav
11,3454.wav
11,4076.wav
11,1927.wav
11,7863.wav
11,37713.wav
11,32815.wav
11,33301.wav
11,14000.wav
11,34663.wav
11,32801.wav
11,33446.wav
11,13708.wav
11,64669.wav
11,7651.wav
11,31386.wav
11,22105.wav
11,24768.wav
11,18819.wav
11,54164.wav
11,60381.wav
11,9748.wav
11,9700.wav
11,71369.wav
11,36188.wav
11,49980.wav
11,42417.wav
11,17464.wav
11,33343.wav
11,4889.wav
11,30935.wav
11,37665.wav
11,48440.wav
11,659.wav
11,33660.wav
11,90199.wav
11,72840.wav
11,44745.wav
11,54662.wav
11,13682.wav
11,6910.wav
11,20027.wav
11,3038.wav
11,88354.wav
11,70442.wav
11,82014.wav
11,17865.wav
11,15132.wav
11,59423.wav
11,9597.wav
11,6850.wav
11,58830.wav
11,25470.wav
11,46033.wav
11,27273.wav
11,78318.wav
11,48441.wav
11,27216.wav
11,53572.wav
11,62968.wav
11,35935.wav
11,15561.wav
11,60624.wav
11,67330.wav
11,35986.wav
11,7087.wav
11,30996.wav
11,19368.wav
11,60097.wav
11,5189.wav
11,80585.wav
11,67366.wav
11,24821.wav
11,49872.wav
11,66839.wav
11,31375.wav
11,26135.wav
11,67749.wav
11,54578.wav
11,5060.wav
11,54121.wav
11,25431.wav
11,48050.wav
11,29006.wav
11,49894.wav
11,55408.wav
11,3972.wav
11,81937.wav
11,30186.wav
11,9056.wav
11,19592.wav
11,66462.wav
11,10771.wav
11,3406.wav
11,22621.wav
11,47764.wav
11,6082.wav
11,82808.wav
11,9524.wav
11,84515.wav
11,63001.wav
11,37130.wav
11,20294.wav
11,20720.wav
11,81110.wav
11,20817.wav
11,16711.wav
11,57806.wav
11,5814.wav
11,89627.wav
11,12220.wav
11,13794.wav
11,60122.wav
11,24036.wav
11,89281.wav
11,65849.wav
11,35828.wav
11,16241.wav
11,55058.wav
11,81878.wav
11,24216.wav
11,8202.wav
11,27838.wav
11,16251.wav
11,55332.wav
11,63814.wav
11,36229.wav
11,59087.wav
11,10070.wav
11,30098.wav
11,7086.wav
11,26883.wav
11,17723.wav
11,64665.wav
11,1922.wav
11,82595.wav
12,74993.wav
12,72702.wav
12,53938.wav
12,80014.wav
12,79863.wav
12,59659.wav
12,81614.wav
12,50448.wav
12,50191.wav
12,61526.wav
12,42656.wav
12,70595.wav
12,39915.wav
12,63642.wav
12,50256.wav
12,65239.wav
12,14656.wav
12,54319.wav
12,49487.wav
12,75770.wav
12,48276.wav
12,49157.wav
12,64536.wav
12,45352.wav
12,75781.wav
12,46827.wav
12,62633.wav
12,57779.wav
12,71359.wav
12,73661.wav
12,68265.wav
12,85815.wav
12,45337.wav
12,39403.wav
12,42128.wav
12,90623.wav
12,56801.wav
12,78964.wav
12,63201.wav
12,41086.wav
12,38648.wav
12,78557.wav
12,53851.wav
12,71775.wav
12,82214.wav
12,71402.wav
12,76816.wav
12,71214.wav
12,10289.wav
12,76799.wav
12,5327.wav
12,82207.wav
12,80865.wav
12,43506.wav
12,78511.wav
12,67238.wav
12,78813.wav
12,57695.wav
12,7981.wav
12,50828.wav
12,60286.wav
12,47993.wav
12,45178.wav
12,48634.wav
12,87357.wav
12,85171.wav
12,87142.wav
12,59770.wav
12,87568.wav
12,45650.wav
12,41587.wav
12,30716.wav
12,56587.wav
12,52876.wav
12,45916.wav
12,61291.wav
12,45478.wav
12,33401.wav
12,18424.wav
12,25265.wav
12,85799.wav
12,86351.wav
12,71457.wav
12,75580.wav
12,82761.wav
12,79061.wav
12,31182.wav
12,66259.wav
12,60505.wav
12,47083.wav
12,78987.wav
12,53362.wav
12,67113.wav
12,74860.wav
12,44839.wav
12,56940.wav
12,89909.wav
12,86510.wav
12,86157.wav
12,85621.wav
12,49341.wav
12,67973.wav
12,58592.wav
12,47796.wav
12,31860.wav
12,43986.wav
12,44083.wav
12,41771.wav
12,55771.wav
12,43232.wav
12,69711.wav
12,50920.wav
12,38513.wav
12,55106.wav
12,87251.wav
12,66564.wav
12,53365.wav
12,12431.wav
12,62033.wav
12,44825.wav
12,56290.wav
12,78270.wav
12,68595.wav
12,58625.wav
12,61617.wav
12,84155.wav
12,45923.wav
12,58340.wav
12,10825.wav
12,66945.wav
12,43974.wav
12,88177.wav
12,51442.wav
12,39450.wav
12,83981.wav
12,50886.wav
12,10300.wav
12,9077.wav
12,26370.wav
12,14667.wav
12,63157.wav
12,73531.wav
12,6150.wav
12,64439.wav
12,44508.wav
12,45581.wav
12,81632.wav
12,55117.wav
12,63713.wav
12,83788.wav
12,71200.wav
12,85639.wav
12,46346.wav
12,50116.wav
12,80632.wav
12,87045.wav
12,86959.wav
12,56383.wav
12,88319.wav
12,54786.wav
12,76155.wav
12,51690.wav
12,14692.wav
12,60804.wav
12,53770.wav
12,71436.wav
12,71422.wav
12,32212.wav
12,66778.wav
12,65836.wav
12,10969.wav
12,75695.wav
12,64135.wav
12,39495.wav
12,72456.wav
12,41382.wav
12,67680.wav
12,40909.wav
12,38522.wav
12,39455.wav
12,37937.wav
12,86155.wav
12,50461.wav
12,76731.wav
12,22807.wav
12,55628.wav
12,13361.wav
12,86602.wav
12,82737.wav
12,21444.wav
12,62236.wav
12,67260.wav
12,58928.wav
12,66985.wav
12,48269.wav
12,51273.wav
12,40151.wav
12,47491.wav
12,43682.wav
12,86088.wav
12,80846.wav
12,86524.wav
12,14681.wav
12,42518.wav
12,72462.wav
12,22048.wav
12,45503.wav
12,77397.wav
12,58480.wav
12,60518.wav
12,48275.wav
12,37415.wav
12,58972.wav
12,37006.wav
12,16896.wav
12,33396.wav
12,1527.wav
12,10827.wav
12,66066.wav
12,40732.wav
12,55964.wav
12,9349.wav
12,65682.wav
12,77474.wav
12,66059.wav
12,10797.wav
12,78153.wav
12,46591.wav
12,89905.wav
12,61535.wav
12,68568.wav
12,41530.wav
12,49617.wav
12,45654.wav
12,82405.wav
12,69467.wav
12,84591.wav
12,85373.wav
12,53820.wav
12,65986.wav
12,56603.wav
12,76551.wav
12,794.wav
12,50849.wav
12,41802.wav
12,66333.wav
12,65047.wav
12,63031.wav
12,79514.wav
12,73980.wav
12,20007.wav
12,69691.wav
12,56523.wav
12,65582.wav
12,47367.wav
12,71048.wav
12,50088.wav
12,7687.wav
12,85014.wav
12,48959.wav
12,53904.wav
12,64239.wav
12,52906.wav
12,48543.wav
12,80850.wav
12,20017.wav
12,58631.wav
12,75848.wav
12,64326.wav
12,24655.wav
12,39587.wav
12,86589.wav
12,22046.wav
12,20051.wav
12,84811.wav
12,76807.wav
12,84812.wav
12,54339.wav
12,90969.wav
12,15854.wav
12,52438.wav
12,87601.wav
12,39987.wav
12,12228.wav
12,76447.wav
12,13387.wav
12,65580.wav
12,72317.wav
12,42218.wav
12,59768.wav
12,70176.wav
12,55540.wav
12,25208.wav
12,70125.wav
12,4193.wav
12,18317.wav
12,42100.wav
12,10599.wav
12,88337.wav
12,64561.wav
1,2525.wav
1,2647.wav
1,26475.wav
1,2418.wav
1,2680.wav
1,2423.wav
1,25391.wav
1,2490.wav
1,24524.wav
1,28473.wav
1,2582.wav
1,2350.wav
1,25424.wav
1,2425.wav
1,2698.wav
1,2687.wav
1,2474.wav
1,2797.wav
1,2550.wav
1,22744.wav
1,2643.wav
1,2651.wav
1,2372.wav
1,29491.wav
1,21403.wav
1,22536.wav
1,2426.wav
1,2693.wav
1,2565.wav
1,26517.wav
1,2524.wav
1,22920.wav
1,2779.wav
1,2754.wav
1,23706.wav
1,2503.wav
1,152.wav
1,2716.wav
1,2563.wav
1,2419.wav
1,26504.wav
1,22918.wav
1,2559.wav
1,2413.wav
1,2438.wav
1,2673.wav
1,2376.wav
1,2416.wav
1,23948.wav
1,6.wav
1,2352.wav
1,2655.wav
1,2363.wav
1,2450.wav
1,2638.wav
1,25450.wav
1,22502.wav
1,2664.wav
1,2432.wav
1,2610.wav
1,2408.wav
1,2399.wav
1,2593.wav
1,2359.wav
1,21393.wav
1,2564.wav
1,2860.wav
1,2430.wav
1,2382.wav
1,22924.wav
1,2389.wav
1,21395.wav
1,2689.wav
1,2748.wav
1,2424.wav
1,3199.wav
1,2453.wav
1,2558.wav
1,2793.wav
1,26473.wav
1,2414.wav
1,19065.wav
1,2623.wav
1,2829.wav
1,2686.wav
1,2598.wav
1,25310.wav
1,2699.wav
1,2441.wav
1,2487.wav
1,2528.wav
1,2717.wav
1,2481.wav
1,29494.wav
1,2764.wav
1,2482.wav
1,2711.wav
1,21394.wav
1,33668.wav
1,2740.wav
1,2434.wav
1,2422.wav
1,22534.wav
1,2356.wav
1,2701.wav
1,2812.wav
1,2360.wav
1,2700.wav
1,2715.wav
1,2400.wav
1,2719.wav
1,19066.wav
1,2713.wav
1,2533.wav
1,2591.wav
1,21409.wav
1,2532.wav
1,2366.wav
1,2705.wav
1,2602.wav
1,2609.wav
1,2617.wav
1,21400.wav
1,2467.wav
1,2385.wav
1,2696.wav
1,2737.wav
1,2534.wav
1,2505.wav
1,2654.wav
1,2476.wav
1,22750.wav
1,2374.wav
1,2463.wav
1,2498.wav
1,21412.wav
1,3203.wav
1,2401.wav
1,2549.wav
1,2365.wav
1,2358.wav
1,2671.wav
1,2411.wav
1,2566.wav
1,7735.wav
1,2442.wav
1,2504.wav
1,22500.wav
1,2364.wav
1,2589.wav
1,21523.wav
1,22626.wav
1,444.wav
1,2466.wav
1,2388.wav
1,2357.wav
1,26503.wav
1,2759.wav
1,153.wav
1,2668.wav
1,2537.wav
1,2405.wav
1,2460.wav
1,2695.wav
1,2635.wav
1,2371.wav
1,2632.wav
1,25419.wav
1,2367.wav
1,2143.wav
1,22973.wav
1,2458.wav
1,2380.wav
1,2507.wav
1,24818.wav
1,2468.wav
1,2464.wav
1,2527.wav
1,2547.wav
1,2644.wav
1,2494.wav
1,26474.wav
1,2795.wav
1,2749.wav
1,2650.wav
1,2584.wav
1,22751.wav
1,2491.wav
1,2773.wav
1,2412.wav
1,2758.wav
1,2520.wav
1,28345.wav
1,2786.wav
1,2765.wav
1,2548.wav
1,2616.wav
1,2459.wav
1,21524.wav
1,2495.wav
1,2440.wav
1,2502.wav
1,2586.wav
1,21392.wav
1,2431.wav
1,2613.wav
1,2517.wav
1,2514.wav
1,2554.wav
1,2595.wav
1,2421.wav
1,2685.wav
1,22923.wav
1,2621.wav
1,2469.wav
1,2658.wav
1,2675.wav
1,25428.wav
1,2750.wav
1,3934.wav
1,2592.wav
1,2630.wav
1,2601.wav
1,21931.wav
1,25313.wav
1,2379.wav
1,2551.wav
1,2489.wav
1,2772.wav
1,2612.wav
1,2661.wav
1,2783.wav
1,2403.wav
1,2461.wav
1,2437.wav
1,2636.wav
1,445.wav
1,22972.wav
1,2738.wav
1,2723.wav
1,2509.wav
1,2500.wav
1,2529.wav
1,3178.wav
1,2536.wav
1,2692.wav
1,2351.wav
1,2796.wav
1,2452.wav
1,2429.wav
1,2381.wav
1,2691.wav
1,2519.wav
1,25312.wav
1,2672.wav
1,7736.wav
1,2553.wav
1,2781.wav
1,2496.wav
1,2861.wav
1,2497.wav
1,25443.wav
1,2663.wav
1,2473.wav
1,2776.wav
1,2445.wav
1,2493.wav
1,2603.wav
1,2648.wav
1,2446.wav
1,2743.wav
1,2472.wav
1,2535.wav
1,2557.wav
1,2611.wav
1,2682.wav
1,21405.wav
1,2745.wav
1,2676.wav
1,3200.wav
1,2660.wav
1,2475.wav
1,2678.wav
1,2587.wav
1,21404.wav
1,2583.wav
1,2479.wav
1,21406.wav
1,2665.wav
1,26477.wav
1,2837.wav
1,25422.wav
1,2751.wav
1,2670.wav
1,2774.wav
1,2725.wav
1,2462.wav
1,2531.wav
1,21401.wav
1,2724.wav
3,62854.wav
3,82813.wav
3,20069.wav
3,81995.wav
3,84730.wav
3,85572.wav
3,47244.wav
3,39232.wav
3,55717.wav
3,85920.wav
3,21110.wav
3,41024.wav
3,77063.wav
3,8824.wav
3,51536.wav
3,66864.wav
3,40615.wav
3,27018.wav
3,7248.wav
3,57587.wav
3,68253.wav
3,38859.wav
3,83106.wav
3,47216.wav
3,71356.wav
3,12094.wav
3,74526.wav
3,18589.wav
3,35197.wav
3,81692.wav
3,43925.wav
3,46025.wav
3,6494.wav
3,44341.wav
3,87515.wav
3,43881.wav
3,69999.wav
3,78356.wav
3,2896.wav
3,2305.wav
3,80124.wav
3,43183.wav
3,88511.wav
3,53122.wav
3,48690.wav
3,22642.wav
3,74954.wav
3,52406.wav
3,51743.wav
3,63779.wav
3,22729.wav
3,78671.wav
3,66911.wav
3,81069.wav
3,40956.wav
3,53178.wav
3,72606.wav
3,48320.wav
3,39408.wav
3,72556.wav
3,51737.wav
3,24498.wav
3,47226.wav
3,43932.wav
3,42477.wav
3,45711.wav
3,33215.wav
3,84761.wav
3,65900.wav
3,48040.wav
3,78378.wav
3,39693.wav
3,71375.wav
3,42001.wav
3,44342.wav
3,79266.wav
3,84084.wav
3,43639.wav
3,44034.wav
3,45978.wav
3,1931.wav
3,44953.wav
3,16439.wav
3,74144.wav
3,45694.wav
3,50614.wav
3,48689.wav
3,88464.wav
3,58672.wav
3,71712.wav
3,84724.wav
3,60952.wav
3,77050.wav
3,65140.wav
3,52373.wav
3,46976.wav
3,77586.wav
3,49971.wav
3,3819.wav
3,79796.wav
3,35269.wav
3,59121.wav
3,60923.wav
3,80730.wav
3,74606.wav
3,82359.wav
3,2320.wav
3,54055.wav
3,45441.wav
3,952.wav
3,6480.wav
3,18485.wav
3,6672.wav
3,29578.wav
3,44952.wav
3,79670.wav
3,20705.wav
3,88470.wav
3,69847.wav
3,46991.wav
3,72994.wav
3,83123.wav
3,20758.wav
3,308.wav
3,46987.wav
3,76120.wav
3,61362.wav
3,77138.wav
3,69980.wav
3,45721.wav
3,41000.wav
3,205.wav
3,21097.wav
3,9484.wav
3,84420.wav
3,47668.wav
3,31017.wav
3,54034.wav
3,51950.wav
3,11533.wav
3,44376.wav
3,77942.wav
3,181.wav
3,558.wav
3,10644.wav
3,77995.wav
3,64105.wav
3,69928.wav
3,58713.wav
3,23385.wav
3,79275.wav
3,81235.wav
3,73778.wav
3,294.wav
3,38924.wav
3,46148.wav
3,87849.wav
3,44379.wav
3,372.wav
3,6676.wav
3,62316.wav
3,45415.wav
3,51159.wav
3,81058.wav
3,68875.wav
3,6174.wav
3,83615.wav
3,40254.wav
3,63792.wav
3,80211.wav
3,25547.wav
3,69981.wav
3,8078.wav
3,86415.wav
3,56089.wav
3,85908.wav
3,555.wav
3,78355.wav
3,42038.wav
3,63725.wav
3,43607.wav
3,60176.wav
3,52372.wav
3,74991.wav
3,2263.wav
3,57567.wav
3,6175.wav
3,38750.wav
3,61012.wav
3,44311.wav
3,81094.wav
3,73748.wav
3,12304.wav
3,90634.wav
3,12099.wav
3,81706.wav
3,37684.wav
3,39321.wav
3,44391.wav
3,45025.wav
3,34407.wav
3,61825.wav
3,8107.wav
3,4311.wav
3,38206.wav
3,75228.wav
3,2295.wav
3,85200.wav
3,9651.wav
3,39069.wav
3,80571.wav
3,38563.wav
3,74936.wav
3,33240.wav
3,78673.wav
3,6219.wav
3,71363.wav
3,68887.wav
3,81439.wav
3,11532.wav
3,45001.wav
3,37128.wav
3,188.wav
3,77977.wav
3,70970.wav
3,45374.wav
3,79279.wav
3,50290.wav
3,28305.wav
3,12101.wav
3,22716.wav
3,6521.wav
3,88441.wav
3,88477.wav
3,81074.wav
3,47416.wav
3,42420.wav
3,49091.wav
3,65382.wav
3,620.wav
3,74561.wav
3,66431.wav
3,58151.wav
3,79207.wav
3,9133.wav
3,84014.wav
3,23899.wav
3,12063.wav
3,38880.wav
3,12072.wav
3,90654.wav
3,84935.wav
3,8991.wav
3,65129.wav
3,62898.wav
3,51903.wav
3,89075.wav
3,57554.wav
3,44375.wav
3,89992.wav
3,16084.wav
3,47209.wav
3,22712.wav
3,45708.wav
3,50652.wav
3,85523.wav
3,78392.wav
3,29556.wav
3,44988.wav
3,71629.wav
3,77978.wav
3,47395.wav
3,84953.wav
3,39949.wav
3,65389.wav
3,81675.wav
3,68934.wav
3,37762.wav
3,38610.wav
3,74989.wav
3,39322.wav
3,81481.wav
3,64063.wav
3,62908.wav
3,83562.wav
3,15538.wav
3,57607.wav
3,53180.wav
3,43161.wav
3,36869.wav
3,49765.wav
3,80159.wav
3,81707.wav
3,45997.wav
3,67323.wav
3,74141.wav
3,45053.wav
3,57657.wav
3,45995.wav
3,33700.wav
4,57797.wav
4,37456.wav
4,15895.wav
4,14095.wav
4,14127.wav
4,51599.wav
4,20567.wav
4,24206.wav
4,12814.wav
4,65459.wav
4,44151.wav
4,37786.wav
4,43703.wav
4,42980.wav
4,11922.wav
4,26757.wav
4,88248.wav
4,40149.wav
4,84955.wav
4,71745.wav
4,15136.wav
4,37163.wav
4,14232.wav
4,18533.wav
4,30743.wav
4,79335.wav
4,33969.wav
4,51881.wav
4,15883.wav
4,21342.wav
4,6797.wav
4,23029.wav
4,14274.wav
4,34031.wav
4,21501.wav
4,29276.wav
4,35830.wav
4,49707.wav
4,12326.wav
4,12951.wav
4,85597.wav
4,6163.wav
4,81350.wav
4,90619.wav
4,57950.wav
4,9470.wav
4,32302.wav
4,34418.wav
4,62625.wav
4,16611.wav
4,18721.wav
4,33149.wav
4,35785.wav
4,16803.wav
4,21498.wav
4,18321.wav
4,32286.wav
4,54061.wav
4,88901.wav
4,66709.wav
4,55161.wav
4,22830.wav
4,79773.wav
4,48584.wav
4,21329.wav
4,86574.wav
4,36993.wav
4,20158.wav
4,44463.wav
4,13454.wav
4,62294.wav
4,12622.wav
4,37798.wav
4,21451.wav
4,15829.wav
4,79973.wav
4,23507.wav
4,38665.wav
4,31659.wav
4,68582.wav
4,39190.wav
4,66720.wav
4,24242.wav
4,30745.wav
4,86757.wav
4,73255.wav
4,29758.wav
4,20576.wav
4,36037.wav
4,74278.wav
4,57545.wav
4,73260.wav
4,33024.wav
4,20900.wav
4,15376.wav
4,15784.wav
4,21567.wav
4,20429.wav
4,7604.wav
4,8219.wav
4,4442.wav
4,26444.wav
4,73792.wav
4,64209.wav
4,39088.wav
4,12698.wav
4,18932.wav
4,42586.wav
4,80150.wav
4,31515.wav
4,21265.wav
4,5470.wav
4,90826.wav
4,32695.wav
4,29224.wav
4,31812.wav
4,36780.wav
4,7381.wav
4,48528.wav
4,14338.wav
4,61484.wav
4,20365.wav
4,8890.wav
4,7972.wav
4,42635.wav
4,2959.wav
4,20164.wav
4,54714.wav
4,20497.wav
4,20640.wav
4,39027.wav
4,21622.wav
4,12566.wav
4,4174.wav
4,6734.wav
4,31941.wav
4,16967.wav
4,33075.wav
4,20818.wav
4,648.wav
4,59263.wav
4,71562.wav
4,16797.wav
4,49917.wav
4,17496.wav
4,29192.wav
4,34284.wav
4,36501.wav
4,81308.wav
4,1060.wav
4,31865.wav
4,37314.wav
4,71399.wav
4,20792.wav
4,3959.wav
4,12588.wav
4,14583.wav
4,18580.wav
4,39161.wav
4,73480.wav
4,31535.wav
4,26130.wav
4,35711.wav
4,23921.wav
4,18728.wav
4,14538.wav
4,20888.wav
4,74468.wav
4,18072.wav
4,53480.wav
4,30677.wav
4,36725.wav
4,10205.wav
4,35068.wav
4,27387.wav
4,13227.wav
4,22885.wav
4,22007.wav
4,37019.wav
4,86287.wav
4,81340.wav
4,57910.wav
4,23233.wav
4,27493.wav
4,1305.wav
4,19994.wav
4,45802.wav
4,21246.wav
4,40074.wav
4,12709.wav
4,12608.wav
4,37356.wav
4,15115.wav
4,14228.wav
4,33079.wav
4,22932.wav
4,44582.wav
4,14339.wav
4,25168.wav
4,12768.wav
4,21012.wav
4,32633.wav
4,37165.wav
4,88182.wav
4,81389.wav
4,14443.wav
4,78630.wav
4,13346.wav
4,17328.wav
4,11908.wav
4,19913.wav
4,89774.wav
4,40085.wav
4,37100.wav
4,17899.wav
4,33877.wav
4,1664.wav
4,59723.wav
4,39376.wav
4,36019.wav
4,19447.wav
4,16657.wav
4,15292.wav
4,36850.wav
4,780.wav
4,60014.wav
4,24289.wav
4,7041.wav
4,31160.wav
4,2734.wav
4,89916.wav
4,24402.wav
4,7698.wav
4,24602.wav
4,86628.wav
4,62669.wav
4,6893.wav
4,11025.wav
4,15713.wav
4,29689.wav
4,31519.wav
4,82763.wav
4,72584.wav
4,19989.wav
4,13162.wav
4,12646.wav
4,83789.wav
4,43546.wav
4,1230.wav
4,29332.wav
4,37244.wav
4,51961.wav
4,43428.wav
4,3191.wav
4,32763.wav
4,52075.wav
4,37310.wav
4,65127.wav
4,55570.wav
4,17295.wav
4,57946.wav
4,81953.wav
4,3041.wav
4,36784.wav
4,74256.wav
4,19992.wav
4,61029.wav
4,90341.wav
4,17228.wav
4,18052.wav
4,85498.wav
4,3975.wav
4,20438.wav
4,13986.wav
4,25697.wav
4,38634.wav
4,73451.wav
4,32761.wav
4,84464.wav
4,1840.wav
4,20166.wav
4,44178.wav
4,9786.wav
4,15824.wav
4,8132.wav
4,24806.wav
4,28666.wav
4,62847.wav
4,24783.wav
4,16512.wav
4,44644.wav
4,8373.wav
4,51731.wav
4,20162.wav
4,18725.wav
4,81879.wav
4,40906.wav
4,12574.wav
4,16318.wav
4,24813.wav
6,20039.wav
6,28244.wav
6,5160.wav
6,38348.wav
6,38108.wav
6,27935.wav
6,31138.wav
6,28975.wav
6,4651.wav
6,4688.wav
6,3014.wav
6,29393.wav
6,23761.wav
6,28025.wav
6,24599.wav
6,28218.wav
6,23264.wav
6,23174.wav
6,5678.wav
6,38505.wav
6,24874.wav
6,29419.wav
6,6275.wav
6,31024.wav
6,4330.wav
6,21100.wav
6,28688.wav
6,4731.wav
6,6413.wav
6,6815.wav
6,28294.wav
6,31630.wav
6,43171.wav
6,8994.wav
6,24995.wav
6,9468.wav
6,37543.wav
6,10253.wav
6,36660.wav
6,9849.wav
6,24601.wav
6,28837.wav
6,38273.wav
6,38056.wav
6,32567.wav
6,25915.wav
6,4686.wav
6,32115.wav
6,5514.wav
6,7484.wav
6,28069.wav
6,26818.wav
6,29082.wav
6,28954.wav
6,40611.wav
6,23394.wav
6,4329.wav
6,5352.wav
6,10577.wav
6,29890.wav
6,38189.wav
6,28506.wav
6,24217.wav
6,32239.wav
6,35954.wav
6,28250.wav
6,7490.wav
6,23962.wav
6,36838.wav
6,37103.wav
6,24118.wav
6,7338.wav
6,29427.wav
6,24121.wav
6,26616.wav
6,4951.wav
6,4387.wav
6,16637.wav
6,24152.wav
6,29664.wav
6,24104.wav
6,31522.wav
6,35590.wav
6,34081.wav
6,38065.wav
6,6093.wav
6,8094.wav
6,25345.wav
6,6778.wav
6,28857.wav
6,31440.wav
6,20676.wav
6,31601.wav
6,26628.wav
6,4751.wav
6,28883.wav
6,4021.wav
6,32950.wav
6,3455.wav
6,7784.wav
6,8307.wav
6,21533.wav
6,27336.wav
6,28956.wav
6,11440.wav
6,27847.wav
6,26489.wav
6,28700.wav
6,4456.wav
6,8453.wav
6,26525.wav
6,26056.wav
6,4388.wav
6,28459.wav
6,26589.wav
6,38449.wav
6,7610.wav
6,28424.wav
6,3006.wav
6,6230.wav
6,30376.wav
6,27976.wav
6,28842.wav
6,4497.wav
6,9922.wav
6,37232.wav
6,54543.wav
6,8926.wav
6,28156.wav
6,23194.wav
6,5399.wav
6,32690.wav
6,26684.wav
6,8285.wav
6,10485.wav
6,28912.wav
6,7598.wav
6,5692.wav
6,30358.wav
6,19807.wav
6,21382.wav
6,4600.wav
6,6281.wav
6,26190.wav
6,7447.wav
6,6503.wav
6,11290.wav
6,4659.wav
6,7439.wav
6,847.wav
6,9868.wav
6,4410.wav
6,9006.wav
6,28981.wav
6,4704.wav
6,27754.wav
6,28004.wav
6,16442.wav
6,22109.wav
6,22580.wav
6,28642.wav
6,30485.wav
6,4649.wav
6,14742.wav
6,23478.wav
6,23499.wav
6,21532.wav
6,29120.wav
6,24144.wav
6,20423.wav
6,26673.wav
6,26582.wav
6,38245.wav
6,30398.wav
6,7754.wav
6,28367.wav
6,7032.wav
6,4622.wav
6,4964.wav
6,30990.wav
6,2880.wav
6,20892.wav
6,27223.wav
6,28708.wav
6,23803.wav
6,5344.wav
6,28243.wav
6,29065.wav
6,4717.wav
6,27795.wav
6,28831.wav
6,19162.wav
6,25506.wav
6,19537.wav
6,32508.wav
6,28844.wav
6,23315.wav
6,32157.wav
6,38747.wav
6,22173.wav
6,29123.wav
6,21679.wav
6,28036.wav
6,10734.wav
6,33125.wav
6,38023.wav
6,23998.wav
6,28994.wav
6,26117.wav
6,6028.wav
6,7707.wav
6,6476.wav
6,36790.wav
6,7239.wav
6,279.wav
6,28169.wav
6,38061.wav
6,29858.wav
6,31927.wav
6,6497.wav
6,28580.wav
6,10436.wav
6,7745.wav
6,28663.wav
6,24844.wav
6,28090.wav
6,4671.wav
6,20220.wav
6,4507.wav
6,27301.wav
6,9901.wav
6,28599.wav
6,11216.wav
6,34550.wav
6,1839.wav
6,4599.wav
6,4947.wav
6,32897.wav
6,5948.wav
6,35956.wav
6,28870.wav
6,11447.wav
6,24113.wav
6,519.wav
6,6426.wav
6,28944.wav
6,29826.wav
6,10237.wav
6,9863.wav
6,5080.wav
6,32121.wav
6,33990.wav
6,26653.wav
6,23379.wav
6,32362.wav
6,7542.wav
6,28839.wav
6,27156.wav
6,9044.wav
6,7559.wav
6,38215.wav
6,28906.wav
6,28778.wav
6,37520.wav
6,7828.wav
6,38391.wav
6,28934.wav
6,21157.wav
6,4608.wav
6,9344.wav
6,28417.wav
6,24726.wav
6,4857.wav
6,7757.wav
6,28588.wav
6,16562.wav
6,7287.wav
6,28163.wav
6,4700.wav
6,28517.wav
6,23826.wav
6,8065.wav
6,28725.wav
6,26606.wav
6,28495.wav
6,23160.wav
6,32359.wav
6,4679.wav
6,6823.wav
6,8701.wav
6,29330.wav
6,9805.wav
6,32101.wav
6,8081.wav
6,28230.wav
6,33537.wav
6,26205.wav
6,32497.wav
6,38297.wav
6,4570.wav
0,82624.wav
0,37105.wav
0,38887.wav
0,85525.wav
0,28887.wav
0,36006.wav
0,23413.wav
0,11336.wav
0,8605.wav
0,37809.wav
0,58381.wav
0,34697.wav
0,3614.wav
0,71355.wav
0,11402.wav
0,46374.wav
0,71695.wav
0,76181.wav
0,36930.wav
0,61379.wav
0,35401.wav
0,62411.wav
0,23227.wav
0,85580.wav
0,29449.wav
0,82626.wav
0,62327.wav
0,82623.wav
0,11774.wav
0,69924.wav
0,70096.wav
0,89703.wav
0,11363.wav
0,11451.wav
0,11329.wav
0,37831.wav
0,11448.wav
0,11358.wav
0,313.wav
0,10358.wav
0,60569.wav
0,43627.wav
0,32935.wav
0,46159.wav
0,33907.wav
0,37843.wav
0,48337.wav
0,8602.wav
0,40206.wav
0,37827.wav
0,84394.wav
0,39486.wav
0,43605.wav
0,11379.wav
0,36859.wav
0,18619.wav
0,32931.wav
0,69402.wav
0,9111.wav
0,33819.wav
0,55382.wav
0,11446.wav
0,81784.wav
0,18503.wav
0,81788.wav
0,69883.wav
0,11332.wav
0,44392.wav
0,9674.wav
0,11376.wav
0,89167.wav
0,8960.wav
0,33717.wav
0,37795.wav
0,3410.wav
0,72044.wav
0,11384.wav
0,48435.wav
0,89711.wav
0,36902.wav
0,39307.wav
0,55693.wav
0,82631.wav
0,36899.wav
0,85241.wav
0,21115.wav
0,39169.wav
0,9010.wav
0,32296.wav
0,46451.wav
0,10446.wav
0,89854.wav
0,34929.wav
0,52719.wav
0,32929.wav
0,11416.wav
0,8261.wav
0,79241.wav
0,32728.wav
0,29476.wav
0,11380.wav
0,89163.wav
0,89161.wav
0,11375.wav
0,70094.wav
0,11337.wav
0,49918.wav
0,32783.wav
0,35851.wav
0,39305.wav
0,10670.wav
0,18311.wav
0,60132.wav
0,40976.wav
0,85233.wav
0,88484.wav
0,70394.wav
0,32729.wav
0,39170.wav
0,84774.wav
0,61833.wav
0,69426.wav
0,77160.wav
0,59119.wav
0,8586.wav
0,84506.wav
0,19942.wav
0,63837.wav
0,55349.wav
0,36021.wav
0,61801.wav
0,61956.wav
0,69298.wav
0,29660.wav
0,42861.wav
0,69443.wav
0,69664.wav
0,85884.wav
0,86899.wav
0,89166.wav
0,36009.wav
0,34692.wav
0,69811.wav
0,11419.wav
0,11462.wav
0,21153.wav
0,32930.wav
0,3422.wav
0,51132.wav
0,88539.wav
0,41016.wav
0,65386.wav
0,40251.wav
0,89694.wav
0,27259.wav
0,20172.wav
0,63791.wav
0,9080.wav
0,9037.wav
0,11359.wav
0,27286.wav
0,82627.wav
0,11333.wav
0,4883.wav
0,32933.wav
0,55342.wav
0,44310.wav
0,36007.wav
0,53531.wav
0,68250.wav
0,49090.wav
0,11381.wav
0,69030.wav
0,39308.wav
0,78374.wav
0,11377.wav
0,8260.wav
0,87461.wav
0,41433.wav
0,39732.wav
0,46452.wav
0,66910.wav
0,37914.wav
0,20085.wav
0,69095.wav
0,65454.wav
0,31936.wav
0,82625.wav
0,3598.wav
0,39836.wav
0,36965.wav
0,46453.wav
0,89165.wav
0,46158.wav
0,11382.wav
0,37882.wav
0,71928.wav
0,32052.wav
0,37462.wav
0,11406.wav
0,36845.wav
0,32932.wav
0,8583.wav
0,30835.wav
0,70095.wav
0,29493.wav
0,72085.wav
0,21971.wav
0,11361.wav
0,45371.wav
0,11405.wav
0,45028.wav
0,11335.wav
0,46378.wav
0,40977.wav
0,31540.wav
0,7044.wav
0,35242.wav
0,34909.wav
0,11386.wav
0,73396.wav
0,11751.wav
0,65409.wav
0,88407.wav
0,8697.wav
0,66.wav
0,89679.wav
0,61360.wav
0,53525.wav
0,83591.wav
0,69810.wav
0,89672.wav
0,8208.wav
0,10671.wav
0,11681.wav
0,64946.wav
0,34693.wav
0,11390.wav
0,30064.wav
0,37288.wav
0,37825.wav
0,7434.wav
0,38890.wav
0,48683.wav
0,21113.wav
0,69994.wav
0,40610.wav
0,82630.wav
0,60196.wav
0,62364.wav
0,37838.wav
0,51134.wav
0,69197.wav
0,27916.wav
0,10191.wav
0,39765.wav
0,9555.wav
0,32010.wav
0,90078.wav
0,72970.wav
0,11445.wav
0,50594.wav
0,69884.wav
0,42381.wav
0,69403.wav
0,85313.wav
0,38930.wav
0,85903.wav
0,39233.wav
0,21158.wav
0,14571.wav
0,69930.wav
0,79303.wav
0,30861.wav
0,46454.wav
0,44445.wav
0,89582.wav
0,85114.wav
0,21111.wav
0,21058.wav
0,44395.wav
0,7692.wav
0,28522.wav
0,70361.wav
0,5539.wav
0,8269.wav
0,69856.wav
0,28028.wav
0,81785.wav
0,69972.wav
0,35903.wav
0,48436.wav
0,37702.wav
0,21974.wav
0,16581.wav
0,82628.wav
0,37846.wav
0,11461.wav
0,42410.wav
0,28614.wav
2,87325.wav
2,71977.wav
2,58130.wav
2,80884.wav
2,78934.wav
2,59495.wav
2,78508.wav
2,86329.wav
2,63066.wav
2,77428.wav
2,67170.wav
2,87497.wav
2,79838.wav
2,55589.wav
2,49593.wav
2,71988.wav
2,78990.wav
2,83924.wav
2,76437.wav
2,77633.wav
2,88784.wav
2,66585.wav
2,75139.wav
2,85048.wav
2,60117.wav
2,89232.wav
2,61720.wav
2,88241.wav
2,46364.wav
2,54285.wav
2,55930.wav
2,55631.wav
2,80500.wav
2,88363.wav
2,62100.wav
2,87788.wav
2,59040.wav
2,53690.wav
2,72572.wav
2,19917.wav
2,50382.wav
2,71994.wav
2,58884.wav
2,87931.wav
2,84451.wav
2,70647.wav
2,83167.wav
2,48902.wav
2,62433.wav
2,86127.wav
2,60850.wav
2,44641.wav
2,87155.wav
2,39929.wav
2,42073.wav
2,47825.wav
2,14556.wav
2,75082.wav
2,66696.wav
2,20065.wav
2,54770.wav
2,64226.wav
2,47637.wav
2,81391.wav
2,70653.wav
2,44069.wav
2,55395.wav
2,54678.wav
2,79499.wav
2,68124.wav
2,67067.wav
2,68749.wav
2,86327.wav
2,77498.wav
2,68610.wav
2,68525.wav
2,90500.wav
2,64843.wav
2,86587.wav
2,81148.wav
2,67267.wav
2,60479.wav
2,77756.wav
2,13547.wav
2,48210.wav
2,74824.wav
2,78865.wav
2,58139.wav
2,90764.wav
2,57303.wav
2,72290.wav
2,53754.wav
2,63169.wav
2,88910.wav
2,56635.wav
2,55320.wav
2,60494.wav
2,90269.wav
2,40310.wav
2,79554.wav
2,66811.wav
2,55707.wav
2,89509.wav
2,46272.wav
2,57135.wav
2,64600.wav
2,72511.wav
2,84710.wav
2,57862.wav
2,68715.wav
2,87216.wav
2,78543.wav
2,59586.wav
2,88279.wav
2,79735.wav
2,60870.wav
2,40792.wav
2,77512.wav
2,61058.wav
2,55716.wav
2,58920.wav
2,53555.wav
2,52614.wav
2,49652.wav
2,85471.wav
2,49907.wav
2,54691.wav
2,89504.wav
2,88661.wav
2,55018.wav
2,45192.wav
2,68486.wav
2,68655.wav
2,45356.wav
2,60686.wav
2,72822.wav
2,41332.wav
2,54661.wav
2,54202.wav
2,16762.wav
2,51042.wav
2,80885.wav
2,74040.wav
2,54235.wav
2,76912.wav
2,60504.wav
2,78989.wav
2,52981.wav
2,66634.wav
2,90264.wav
2,73836.wav
2,24385.wav
2,90105.wav
2,85034.wav
2,21082.wav
2,20057.wav
2,87587.wav
2,59587.wav
2,70605.wav
2,78476.wav
2,77856.wav
2,76829.wav
2,46064.wav
2,81864.wav
2,51848.wav
2,90857.wav
2,67652.wav
2,23650.wav
2,85312.wav
2,89325.wav
2,89306.wav
2,54170.wav
2,52955.wav
2,73931.wav
2,70730.wav
2,83012.wav
2,78188.wav
2,75868.wav
2,74358.wav
2,14733.wav
2,75841.wav
2,82236.wav
2,83421.wav
2,57927.wav
2,78463.wav
2,81688.wav
2,33752.wav
2,69455.wav
2,57894.wav
2,64601.wav
2,78877.wav
2,83298.wav
2,89471.wav
2,44305.wav
2,71918.wav
2,58903.wav
2,64566.wav
2,64795.wav
2,89364.wav
2,74319.wav
2,91042.wav
2,59333.wav
2,68125.wav
2,14800.wav
2,85053.wav
2,90756.wav
2,71859.wav
2,84835.wav
2,71589.wav
2,71810.wav
2,44919.wav
2,80946.wav
2,78539.wav
2,64878.wav
2,15689.wav
2,59287.wav
2,60348.wav
2,74388.wav
2,60343.wav
2,45319.wav
2,70716.wav
2,88845.wav
2,79124.wav
2,18831.wav
2,78137.wav
2,51601.wav
2,76276.wav
2,79714.wav
2,61133.wav
2,63598.wav
2,54744.wav
2,83422.wav
2,89472.wav
2,41286.wav
2,79916.wav
2,60984.wav
2,62200.wav
2,67467.wav
2,73729.wav
2,60152.wav
2,68156.wav
2,87789.wav
2,89493.wav
2,53221.wav
2,70723.wav
2,75118.wav
2,67587.wav
2,81014.wav
2,63564.wav
2,67074.wav
2,86221.wav
2,86087.wav
2,88125.wav
2,73732.wav
2,74400.wav
2,59731.wav
2,67092.wav
2,20044.wav
2,66497.wav
2,64008.wav
2,79130.wav
2,78984.wav
2,56891.wav
2,74246.wav
2,73985.wav
2,81593.wav
2,66228.wav
2,51659.wav
2,58210.wav
2,81216.wav
2,88935.wav
2,85105.wav
2,79094.wav
2,79186.wav
2,75120.wav
2,79906.wav
2,62193.wav
2,66499.wav
2,49688.wav
2,75174.wav
2,48552.wav
2,71919.wav
2,86068.wav
2,71920.wav
2,74424.wav
2,61146.wav
2,56408.wav
2,21078.wav
2,73370.wav
2,49685.wav
2,16867.wav
2,69640.wav
2,77614.wav
2,58801.wav
2,77911.wav
2,76006.wav
2,59975.wav
2,54967.wav
2,55679.wav
2,51942.wav
10,12790.wav
10,61890.wav
10,25487.wav
10,88609.wav
10,63831.wav
10,33928.wav
10,32752.wav
10,32749.wav
10,14231.wav
10,25402.wav
10,15995.wav
10,90184.wav
10,35979.wav
10,27725.wav
10,22057.wav
10,83601.wav
10,70940.wav
10,32506.wav
10,83531.wav
10,34026.wav
10,59116.wav
10,22463.wav
10,36460.wav
10,30566.wav
10,70718.wav
10,26270.wav
10,22906.wav
10,20435.wav
10,35562.wav
10,43408.wav
10,56992.wav
10,17853.wav
10,62171.wav
10,22669.wav
10,82891.wav
10,20223.wav
10,55464.wav
10,32820.wav
10,46392.wav
10,15630.wav
10,35566.wav
10,84438.wav
10,20683.wav
10,48411.wav
10,44526.wav
10,23336.wav
10,62313.wav
10,24325.wav
10,32964.wav
10,74133.wav
10,14249.wav
10,68730.wav
10,21698.wav
10,21748.wav
10,31669.wav
10,82345.wav
10,14121.wav
10,77355.wav
10,23441.wav
10,31047.wav
10,17847.wav
10,22354.wav
10,52329.wav
10,14085.wav
10,90645.wav
10,87473.wav
10,23222.wav
10,23115.wav
10,12683.wav
10,35528.wav
10,62024.wav
10,36810.wav
10,19268.wav
10,21362.wav
10,22947.wav
10,35678.wav
10,28271.wav
10,32067.wav
10,53624.wav
10,22318.wav
10,32865.wav
10,57040.wav
10,20670.wav
10,23141.wav
10,14012.wav
10,44519.wav
10,21666.wav
10,33078.wav
10,14160.wav
10,12535.wav
10,31743.wav
10,20066.wav
10,32756.wav
10,57653.wav
10,27961.wav
10,23287.wav
10,32223.wav
10,21667.wav
10,24745.wav
10,14984.wav
10,26287.wav
10,25976.wav
10,32152.wav
10,15702.wav
10,16848.wav
10,19737.wav
10,17727.wav
10,19344.wav
10,25381.wav
10,36503.wav
10,28077.wav
10,34308.wav
10,59405.wav
10,36015.wav
10,28555.wav
10,16486.wav
10,20511.wav
10,15008.wav
10,30403.wav
10,82802.wav
10,20909.wav
10,81274.wav
10,14167.wav
10,16677.wav
10,28115.wav
10,90267.wav
10,14199.wav
10,32402.wav
10,83532.wav
10,34298.wav
10,13642.wav
10,12781.wav
10,49275.wav
10,14067.wav
10,32666.wav
10,83534.wav
10,31400.wav
10,74997.wav
10,18861.wav
10,12513.wav
10,46390.wav
10,62176.wav
10,24563.wav
10,44536.wav
10,18923.wav
10,59502.wav
10,14083.wav
10,14099.wav
10,33787.wav
10,26288.wav
10,15007.wav
10,28405.wav
10,22197.wav
10,18582.wav
10,18584.wav
10,88090.wav
10,19406.wav
10,17389.wav
10,29507.wav
10,86444.wav
10,32860.wav
10,14114.wav
10,83533.wav
10,14116.wav
10,27510.wav
10,12545.wav
10,81507.wav
10,20135.wav
10,70913.wav
10,54448.wav
10,32812.wav
10,36846.wav
10,21889.wav
10,27933.wav
10,26435.wav
10,74497.wav
10,18215.wav
10,44220.wav
10,36005.wav
10,49543.wav
10,20362.wav
10,21723.wav
10,12512.wav
10,27726.wav
10,32246.wav
10,31967.wav
10,18318.wav
10,21822.wav
10,56482.wav
10,60149.wav
10,22672.wav
10,23399.wav
10,64358.wav
10,62810.wav
10,80832.wav
10,23236.wav
10,32635.wav
10,35794.wav
10,61620.wav
10,89702.wav
10,22929.wav
10,67729.wav
10,29142.wav
10,35172.wav
10,62341.wav
10,78371.wav
10,24260.wav
10,15618.wav
10,32773.wav
10,14068.wav
10,16077.wav
10,84433.wav
10,12703.wav
10,14141.wav
10,72622.wav
10,13864.wav
10,22108.wav
10,57431.wav
10,22890.wav
10,23223.wav
10,23460.wav
10,59849.wav
10,83529.wav
10,22099.wav
10,26265.wav
10,29165.wav
10,56958.wav
10,32864.wav
10,75224.wav
10,57265.wav
10,18882.wav
10,64083.wav
10,87832.wav
10,44624.wav
10,31599.wav
10,23669.wav
10,14092.wav
10,26259.wav
10,25286.wav
10,14825.wav
10,37823.wav
10,20113.wav
10,31910.wav
10,44575.wav
10,32303.wav
10,33247.wav
10,61897.wav
10,35565.wav
10,26267.wav
10,23832.wav
10,87180.wav
10,83164.wav
10,81508.wav
10,32337.wav
10,61449.wav
10,17950.wav
10,70498.wav
10,20690.wav
10,15756.wav
10,23224.wav
10,74135.wav
10,35446.wav
10,25938.wav
10,22015.wav
10,26293.wav
10,20449.wav
10,83131.wav
10,30199.wav
10,77340.wav
10,16571.wav
10,22317.wav
10,62167.wav
10,22079.wav
10,33036.wav
10,32827.wav
10,12728.wav
10,17627.wav
10,20233.wav
10,32631.wav
10,83476.wav
10,29557.wav
10,44498.wav
10,33897.wav
10,32182.wav
10,14110.wav
10,24883.wav
10,74498.wav
10,20357.wav
10,60924.wav
10,32722.wav
10,19455.wav
10,19875.wav
10,32138.wav
10,67797.wav
10,62312.wav
10,32884.wav
10,83554.wav
10,20327.wav
10,32822.wav
10,25975.wav
5,72842.wav
5,71514.wav
5,79786.wav
5,79911.wav
5,43178.wav
5,88759.wav
5,43041.wav
5,54724.wav
5,88857.wav
5,69682.wav
5,70331.wav
5,55026.wav
5,65668.wav
5,72812.wav
5,53564.wav
5,60428.wav
5,58169.wav
5,88741.wav
5,88725.wav
5,70350.wav
5,43098.wav
5,43062.wav
5,36793.wav
5,51870.wav
5,41596.wav
5,43146.wav
5,58140.wav
5,82050.wav
5,13556.wav
5,74289.wav
5,53561.wav
5,42863.wav
5,79854.wav
5,46422.wav
5,57137.wav
5,79882.wav
5,62120.wav
5,43102.wav
5,80096.wav
5,79699.wav
5,48398.wav
5,54622.wav
5,54986.wav
5,58193.wav
5,58115.wav
5,42853.wav
5,42932.wav
5,46365.wav
5,51520.wav
5,43594.wav
5,42923.wav
5,46289.wav
5,79958.wav
5,65762.wav
5,55448.wav
5,72908.wav
5,69020.wav
5,46290.wav
5,32741.wav
5,60968.wav
5,43101.wav
5,70697.wav
5,46359.wav
5,72824.wav
5,69570.wav
5,69450.wav
5,81405.wav
5,55319.wav
5,88919.wav
5,32053.wav
5,42125.wav
5,58118.wav
5,51979.wav
5,58223.wav
5,44432.wav
5,69599.wav
5,48586.wav
5,58220.wav
5,79792.wav
5,69335.wav
5,51884.wav
5,69594.wav
5,77848.wav
5,69309.wav
5,69497.wav
5,82783.wav
5,81423.wav
5,69449.wav
5,46350.wav
5,72915.wav
5,79718.wav
5,41829.wav
5,45022.wav
5,76562.wav
5,33182.wav
5,42848.wav
5,56504.wav
5,80087.wav
5,79953.wav
5,51958.wav
5,59204.wav
5,72831.wav
5,88757.wav
5,72910.wav
5,44041.wav
5,47123.wav
5,80004.wav
5,60969.wav
5,79790.wav
5,58154.wav
5,53563.wav
5,42055.wav
5,60174.wav
5,42859.wav
5,65847.wav
5,79991.wav
5,58117.wav
5,57024.wav
5,71748.wav
5,58170.wav
5,69750.wav
5,70384.wav
5,88915.wav
5,68939.wav
5,69452.wav
5,80025.wav
5,58224.wav
5,72893.wav
5,55052.wav
5,62172.wav
5,65377.wav
5,72928.wav
5,58201.wav
5,72931.wav
5,43047.wav
5,77053.wav
5,69026.wav
5,82677.wav
5,72857.wav
5,44037.wav
5,53565.wav
5,58177.wav
5,32742.wav
5,84880.wav
5,80052.wav
5,36794.wav
5,62108.wav
5,51978.wav
5,47629.wav
5,65387.wav
5,72855.wav
5,65758.wav
5,79751.wav
5,58191.wav
5,73841.wav
5,50443.wav
5,72899.wav
5,58153.wav
5,72888.wav
5,51635.wav
5,46281.wav
5,55305.wav
5,51886.wav
5,58136.wav
5,72918.wav
5,51887.wav
5,72898.wav
5,45629.wav
5,42857.wav
5,43051.wav
5,58137.wav
5,55150.wav
5,45537.wav
5,80098.wav
5,65795.wav
5,72828.wav
5,79736.wav
5,88891.wav
5,55447.wav
5,58150.wav
5,69338.wav
5,48780.wav
5,79837.wav
5,65378.wav
5,79853.wav
5,69315.wav
5,70220.wav
5,72917.wav
5,62713.wav
5,85992.wav
5,72852.wav
5,80089.wav
5,79733.wav
5,55958.wav
5,43061.wav
5,36795.wav
5,71755.wav
5,63724.wav
5,69019.wav
5,53698.wav
5,62107.wav
5,88253.wav
5,70333.wav
5,54993.wav
5,81362.wav
5,88740.wav
5,72875.wav
5,80097.wav
5,58208.wav
5,69681.wav
5,57055.wav
5,58176.wav
5,65791.wav
5,65761.wav
5,88879.wav
5,30558.wav
5,65863.wav
5,54833.wav
5,83261.wav
5,69415.wav
5,42865.wav
5,55059.wav
5,87227.wav
5,71750.wav
5,76814.wav
5,79908.wav
5,55482.wav
5,46348.wav
5,88364.wav
5,42920.wav
5,48563.wav
5,79769.wav
5,53528.wav
5,69646.wav
5,79915.wav
5,57025.wav
5,63495.wav
5,72889.wav
5,43100.wav
5,81132.wav
5,44533.wav
5,72909.wav
5,48662.wav
5,69963.wav
5,63880.wav
5,46285.wav
5,58194.wav
5,37150.wav
5,43043.wav
5,42888.wav
5,58747.wav
5,58134.wav
5,77611.wav
5,72913.wav
5,58163.wav
5,69453.wav
5,69337.wav
5,51885.wav
5,43132.wav
5,69837.wav
5,72912.wav
5,72921.wav
5,61957.wav
5,43096.wav
5,73400.wav
5,66616.wav
5,71749.wav
5,79781.wav
5,32124.wav
5,71751.wav
5,80092.wav
5,51957.wav
5,69451.wav
5,79896.wav
5,69060.wav
5,58748.wav
5,51888.wav
5,69130.wav
5,44199.wav
5,43106.wav
5,42979.wav
5,72841.wav
5,65792.wav
5,80088.wav
5,42887.wav
5,74204.wav
5,69539.wav
5,72811.wav
5,58197.wav
5,79881.wav
5,58114.wav
5,44206.wav
5,57038.wav
5,55580.wav
5,36474.wav
5,44487.wav
5,41092.wav
5,58181.wav
5,43079.wav
5,81127.wav
7,61931.wav
7,44044.wav
7,39975.wav
7,83484.wav
7,45486.wav
7,64771.wav
7,48983.wav
7,55670.wav
7,76906.wav
7,57208.wav
7,76805.wav
7,44450.wav
7,73176.wav
7,45474.wav
7,58254.wav
7,67430.wav
7,76793.wav
7,71927.wav
7,84784.wav
7,52361.wav
7,34315.wav
7,66406.wav
7,48673.wav
7,78071.wav
7,87246.wav
7,66487.wav
7,71521.wav
7,62337.wav
7,59862.wav
7,88650.wav
7,43692.wav
7,52877.wav
7,45119.wav
7,88623.wav
7,59872.wav
7,54992.wav
7,47037.wav
7,43123.wav
7,79292.wav
7,62549.wav
7,75703.wav
7,88574.wav
7,43704.wav
7,78566.wav
7,53361.wav
7,88619.wav
7,51264.wav
7,45485.wav
7,32743.wav
7,45133.wav
7,73725.wav
7,60410.wav
7,77169.wav
7,68988.wav
7,62741.wav
7,85996.wav
7,51410.wav
7,32273.wav
7,77669.wav
7,49002.wav
7,87187.wav
7,76708.wav
7,49055.wav
7,45134.wav
7,76923.wav
7,48724.wav
7,71635.wav
7,57047.wav
7,79291.wav
7,51237.wav
7,51414.wav
7,87550.wav
7,79782.wav
7,68938.wav
7,87338.wav
7,88645.wav
7,48982.wav
7,51240.wav
7,88624.wav
7,40491.wav
7,47476.wav
7,76907.wav
7,32746.wav
7,54968.wav
7,55038.wav
7,83176.wav
7,82879.wav
7,80961.wav
7,87520.wav
7,54571.wav
7,79258.wav
7,46240.wav
7,66488.wav
7,79732.wav
7,58120.wav
7,71633.wav
7,58258.wav
7,41549.wav
7,59861.wav
7,43689.wav
7,66491.wav
7,82921.wav
7,88631.wav
7,68987.wav
7,58256.wav
7,60409.wav
7,72792.wav
7,88646.wav
7,78547.wav
7,63078.wav
7,76905.wav
7,71524.wav
7,77280.wav
7,42899.wav
7,84778.wav
7,49634.wav
7,72930.wav
7,42847.wav
7,77061.wav
7,52478.wav
7,78265.wav
7,55537.wav
7,43721.wav
7,44047.wav
7,60026.wav
7,63714.wav
7,62144.wav
7,76904.wav
7,59870.wav
7,79684.wav
7,62548.wav
7,46162.wav
7,54830.wav
7,59851.wav
7,32744.wav
7,76812.wav
7,75830.wav
7,34316.wav
7,62336.wav
7,52477.wav
7,50257.wav
7,78072.wav
7,75998.wav
7,64744.wav
7,65548.wav
7,75940.wav
7,67428.wav
7,51403.wav
7,48394.wav
7,84783.wav
7,51778.wav
7,59306.wav
7,77059.wav
7,51793.wav
7,67429.wav
7,47481.wav
7,43156.wav
7,44048.wav
7,59493.wav
7,56356.wav
7,47477.wav
7,83132.wav
7,71869.wav
7,78266.wav
7,72920.wav
7,57048.wav
7,59858.wav
7,68343.wav
7,51242.wav
7,79793.wav
7,82107.wav
7,79843.wav
7,85351.wav
7,76954.wav
7,62894.wav
7,88141.wav
7,65018.wav
7,76801.wav
7,57967.wav
7,44056.wav
7,34366.wav
7,74849.wav
7,66486.wav
7,54955.wav
7,63610.wav
7,78410.wav
7,72027.wav
7,55158.wav
7,85995.wav
7,89178.wav
7,76809.wav
7,85159.wav
7,61948.wav
7,76707.wav
7,76064.wav
7,60025.wav
7,76570.wav
7,32240.wav
7,54997.wav
7,68330.wav
7,75713.wav
7,76345.wav
7,56282.wav
7,77062.wav
7,68789.wav
7,80967.wav
7,57668.wav
7,48979.wav
7,79245.wav
7,43699.wav
7,51239.wav
7,79299.wav
7,52850.wav
7,79257.wav
7,74130.wav
7,58121.wav
7,65541.wav
7,87375.wav
7,45132.wav
7,85994.wav
7,47262.wav
7,79271.wav
7,51241.wav
7,65549.wav
7,48395.wav
7,60411.wav
7,37833.wav
7,44046.wav
7,43696.wav
7,62350.wav
7,58613.wav
7,75340.wav
7,59868.wav
7,72894.wav
7,71634.wav
7,58108.wav
7,75674.wav
7,45156.wav
7,76910.wav
7,51606.wav
7,87549.wav
7,63609.wav
7,68408.wav
7,56636.wav
7,45109.wav
7,51252.wav
7,77273.wav
7,68650.wav
7,58253.wav
7,43693.wav
7,88638.wav
7,58571.wav
7,75987.wav
7,79551.wav
7,32274.wav
7,29896.wav
7,84777.wav
7,51809.wav
7,72257.wav
7,80138.wav
7,70897.wav
7,62518.wav
7,51795.wav
7,70992.wav
7,46347.wav
7,45137.wav
7,43822.wav
7,67434.wav
7,83177.wav
7,43695.wav
7,77629.wav
7,72927.wav
7,76808.wav
7,61930.wav
7,79871.wav
7,58255.wav
7,47003.wav
7,58145.wav
7,57689.wav
7,32924.wav
7,47131.wav
7,39974.wav
7,60031.wav
7,45104.wav
7,85932.wav
7,87551.wav
7,70993.wav
7,77151.wav
7,81255.wav
7,74666.wav
7,68657.wav
7,68989.wav
7,85590.wav
7,76572.wav
7,88626.wav
7,88625.wav
7,76908.wav
7,68311.wav
7,61918.wav
7,45121.wav
8,41506.wav
8,41512.wav
8,41548.wav
8,41586.wav
8,41951.wav
8,41967.wav
8,48918.wav
8,48921.wav
8,48925.wav
8,48927.wav
8,90165.wav
8,90208.wav
8,90279.wav
8,90540.wav
8,90644.wav
8,90752.wav
8,41506.wav
8,41512.wav
8,41548.wav
8,41586.wav
8,41951.wav
8,41967.wav
8,48918.wav
8,48921.wav
8,48925.wav
8,48927.wav
8,90165.wav
8,90208.wav
8,90279.wav
8,90540.wav
8,90644.wav
8,90752.wav
